JobID,JobTitle
28,Administrative Aide
29,Administrative Assistant II
30,Administrative Leader
31,Client Account Leader
32,Clinical Liaison
33,Graphics Designer
34,Implementation Consultant
35,Marketing Services Representative
36,Marketing Support
37,Programmer Analyst
38,Project Leader
39,Project Support Assistant
40,Quality Assurance Analyst
41,Quality Assurance Analyst A
42,Senior Fellow
43,Senior Quality Assurance Technician
44,Software Engineer
45,Software Solutions Consultant
46,Software User Interface Architect
47,Technician
48,Training Assistant
49,Travel Coordinator
50,User Interface Designer
51,Visionary Champion
